date,nifty_50,nifty_100
2021-01-01,16806.94071385787,17826.28047149805
2021-01-04,16831.668614825514,17866.68001250875
2021-01-05,16927.364491295855,18025.084282826065
2021-01-06,17084.47527245828,18203.451203520293
2021-01-07,17237.473341654906,18416.38617162308
2021-01-08,17412.20258669215,18601.39546909672
2021-01-11,17404.972717134817,18563.74844658884
2021-01-12,17323.04883587628,18458.816631501228
2021-01-13,17096.65175784028,18208.639462713592
2021-01-14,17285.521960599606,18443.13441785425
2021-01-15,17278.689222582867,18371.71466162127
2021-01-18,17233.714583792553,18299.9968973681
2021-01-19,17433.8173289782,18517.837244278104
2021-01-20,17287.07126977191,18370.293387211663
2021-01-21,17419.879059446102,18543.318792189828
2021-01-22,17493.780665034486,18647.174949352047
2021-01-25,17305.63524756157,18456.57328084912
2021-01-26,17309.159116579576,18476.657929331686
2021-01-27,17484.421474599,18695.363716490832
2021-01-28,17601.892174481298,18836.994660851586
2021-01-29,17883.575023892456,19111.1973492812
2021-02-01,17935.56869254736,19180.679392575646
2021-02-02,18566.80029874917,19817.77442312873
2021-02-03,18412.07183189486,19666.34636752808
2021-02-04,18347.9733502772,19593.169037123494
2021-02-05,18357.021293857928,19591.23078787347
2021-02-08,18134.95631906664,19299.93528765505
2021-02-09,18335.769623426368,19522.90938685298
2021-02-10,18507.335051809016,19660.716698916403
2021-02-11,18520.82872023116,19696.262888645226
2021-02-12,18449.226171259597,19609.948559571352
2021-02-15,18166.06004861667,19332.659180162147
2021-02-16,18024.982042820444,19197.66014817053
2021-02-17,18173.84348124924,19338.25382491797
2021-02-18,18131.787934238248,19317.07797195198
2021-02-19,18063.07206554624,19230.53083437133
2021-02-22,18149.62404126563,19336.778404429
2021-02-23,18400.99581377924,19568.847316196323
2021-02-24,18460.93060187967,19636.129638606453
2021-02-25,18511.035461018026,19678.5279511456
2021-02-26,18758.934888811997,19972.802058057783
2021-03-01,18806.63630897152,20036.85583624333
2021-03-02,18763.45372240009,19985.75599377778
2021-03-03,18891.55637584412,20154.925163936598
2021-03-04,18838.93428625621,20094.17766763532
2021-03-05,18793.50981542801,20006.34642502604
2021-03-08,19091.426923557643,20282.155443445365
2021-03-09,19055.69501579816,20219.84182547893
2021-03-10,18557.064161831928,19678.03998619562
2021-03-11,18624.117226652,19773.896535742777
2021-03-12,18555.119704279445,19728.36186770253
2021-03-15,18563.87426554605,19678.43456889959
2021-03-16,18663.779073735324,19790.86597824257
2021-03-17,18679.660003637717,19769.83879566365
2021-03-18,18717.399854121275,19802.26203433052
2021-03-19,18350.8919529341,19399.04852255888
2021-03-22,18227.563704616878,19260.6301613537
2021-03-23,18477.37637607046,19536.5120900776
2021-03-24,18488.24591561203,19574.061426837263
2021-03-25,18192.84011071592,19241.243899546986
2021-03-26,18009.379869665026,19032.39348165053
2021-03-29,17854.078060918888,18839.796836549605
2021-03-30,17875.73578557235,18894.80678584239
2021-03-31,17797.181619862542,18797.597866673557
2021-04-01,17694.014396471477,18677.854670267792
2021-04-02,17716.145866997966,18697.87046524078
2021-04-05,17812.621309539114,18801.19580219832
2021-04-06,17765.842784990007,18766.51238826761
2021-04-07,17691.83370751978,18651.63354564489
2021-04-08,17629.551737407313,18604.12982901797
2021-04-09,17710.711736520036,18706.259929517957
2021-04-12,17711.739952624182,18683.961207608736
2021-04-13,17863.593683900093,18850.30448751887
2021-04-14,17695.148859010416,18665.086323928503
2021-04-15,17579.836343413317,18545.08777343577
2021-04-16,17724.686936180675,18681.967621976903
2021-04-19,17597.05931375896,18560.869790052544
2021-04-20,17864.473343408525,18851.62150310902
2021-04-21,18120.369371968947,19130.277637698448
2021-04-22,18394.108048331567,19405.164715653216
2021-04-23,18235.511744780604,19250.49480022268
2021-04-26,18276.17427776273,19275.497339062094
2021-04-27,18177.52836605832,19178.063261479
2021-04-28,18361.76303601128,19376.01500302344
2021-04-29,18692.40858521063,19737.235575611605
2021-04-30,18868.89678748238,19932.430284356466
2021-05-03,18882.98084592059,19971.418233789693
2021-05-04,18854.221104247816,19887.468135388644
2021-05-05,18984.98673019533,20033.987250385177
2021-05-06,18761.046469975907,19834.32077062322
2021-05-07,18879.003090154754,19941.014653748614
2021-05-10,18730.794099911345,19774.60941976921
2021-05-11,18865.83703934656,19949.64374150163
2021-05-12,18855.29879798132,19925.08128591605
2021-05-13,18758.42177333596,19857.102968030707
2021-05-14,18629.94245717191,19690.116739012185
2021-05-17,18534.79002316188,19622.71428640817
2021-05-18,18669.239657436545,19758.74403432068
2021-05-19,18861.509026598076,19972.061281468064
2021-05-20,18966.261565306235,20080.33097354418
2021-05-21,19199.720908609048,20389.351878658843
2021-05-24,19724.80806851806,20901.02288348363
2021-05-25,19699.14497589531,20844.61455559484
2021-05-26,19696.514454061897,20816.518306453872
2021-05-27,19429.33379831084,20533.37227176237
2021-05-28,19658.934242833588,20821.95017795729
2021-05-31,19906.097913848203,21104.41618908753
2021-06-01,19757.85328351444,20922.07221755465
2021-06-02,19909.078701067418,21097.60427757285
2021-06-03,20185.48149700008,21333.72880843856
2021-06-04,20247.82899249426,21420.147966909342
2021-06-07,20406.92156026055,21636.086731952837
2021-06-08,20470.505260786736,21663.89357840332
2021-06-09,20252.815433885506,21416.378782534408
2021-06-10,20492.686857644792,21640.202021439105
2021-06-11,20781.65818461099,21911.24986234116
2021-06-14,20901.5271930416,22094.13735242301
2021-06-15,20739.65792811734,21900.39529240397
2021-06-16,20597.06779590224,21744.12361465899
2021-06-17,20359.23662760461,21504.107041292253
2021-06-18,20538.834779802808,21678.990199025546
2021-06-21,20829.14057189836,21979.19105991841
2021-06-22,20938.74021563278,22109.580906239647
2021-06-23,21139.304041392967,22352.05322105634
2021-06-24,20962.518417392235,22177.78712270387
2021-06-25,20994.231504132506,22206.420576937
2021-06-28,20723.262194967483,21870.129101221613
2021-06-29,20571.69070230452,21678.447465683577
2021-06-30,20782.87905195154,21910.983083775187
2021-07-01,20729.67703669329,21882.46482136912
2021-07-02,21013.527580239213,22187.772588242653
2021-07-05,21145.78779180612,22341.65581210208
2021-07-06,21725.074328219256,22982.59833884185
2021-07-07,21750.504633412205,23004.12428662476
2021-07-08,21460.61414081597,22698.54202338312
2021-07-09,21493.195907174424,22712.772943197742
2021-07-12,21315.05544792908,22520.725631853784
2021-07-13,21595.54738976505,22720.51157426677
2021-07-14,21604.87378923246,22779.9541742474
2021-07-15,21582.734599998388,22784.50175024016
2021-07-16,21576.015584680263,22819.88726704106
2021-07-19,21726.83956618477,23036.38585626953
2021-07-20,21681.755482889646,22923.14972648584
2021-07-21,21882.38474943512,23099.071374194573
2021-07-22,22127.15833178129,23355.984743295918
2021-07-23,22013.77498739644,23301.060547779547
2021-07-26,21828.482247038577,23132.06735661294
2021-07-27,21745.12997973385,23080.543861496164
2021-07-28,21917.09339854656,23261.7626949998
2021-07-29,21948.663482644904,23290.088445240704
2021-07-30,22053.86339312759,23451.269126733325
2021-08-02,22412.492733697138,23900.31392389713
2021-08-03,22452.15112268967,23952.30655569347
2021-08-04,22271.21419627595,23766.86561077525
2021-08-05,22522.45806521076,24065.952586103704
2021-08-06,22536.784116582214,24107.29854009089
2021-08-09,22810.726363203223,24348.13796701412
2021-08-10,23065.784400853383,24611.34312797379
2021-08-11,22856.2453004965,24366.359285302224
2021-08-12,23194.25962607161,24729.7589508517
2021-08-13,23370.28087115632,24975.268232220056
2021-08-16,23270.65576130816,24829.28937654244
2021-08-17,23342.59919095609,24889.914562023903
2021-08-18,23375.607560570737,24993.677272496712
2021-08-19,23393.322526681804,25036.919485119903
2021-08-20,23649.490254258333,25300.52746117086
2021-08-23,23993.14551329447,25693.18917332224
2021-08-24,23996.943408985844,25695.25070590644
2021-08-25,24341.33862453827,26041.02387461968
2021-08-26,24545.145597661594,26298.97372439493
2021-08-27,24611.812187346422,26420.075746466595
2021-08-30,24660.318913211053,26499.942829529195
2021-08-31,24389.20430539048,26239.825707053773
2021-09-01,24068.47193898034,25887.748581514083
2021-09-02,24083.304001273056,25955.159154980374
2021-09-03,23912.30409978333,25756.993165599168
2021-09-06,23934.7872827671,25766.47334517381
2021-09-07,23805.74499236345,25600.62338508517
2021-09-08,23381.275835491848,25220.439932855643
2021-09-09,23469.829944991627,25280.946696389576
2021-09-10,23406.164072065825,25213.730615155797
2021-09-13,23471.45115504713,25264.2338530166
2021-09-14,23298.1003767184,25098.61139761388
2021-09-15,23219.03487235927,25007.127294666872
2021-09-16,23572.17816284824,25416.34662281204
2021-09-17,23652.76984699185,25481.241890096364
2021-09-20,23810.875732199434,25595.916926816302
2021-09-21,23508.43225315864,25235.409953452232
2021-09-22,24114.04720757312,25908.383153587263
2021-09-23,24594.247213392857,26388.46638179915
2021-09-24,24983.239109265825,26767.610248607183
2021-09-27,25177.438835884077,26987.18518880864
2021-09-28,25188.04549030836,27011.96050318576
2021-09-29,25312.962981278117,27114.88921547681
2021-09-30,25626.67953854923,27420.0183639473
2021-10-01,25465.245518020296,27294.23974922244
2021-10-04,25339.742764211227,27145.519513219693
2021-10-05,24966.771242525923,26754.08757668601
2021-10-06,24780.01263325624,26561.33709456151
2021-10-07,25180.615054708785,27030.53701060665
2021-10-08,25102.097460767432,26954.920468100147
2021-10-11,25050.15593267375,26857.176968814198
2021-10-12,25138.228748488767,26914.958635647363
2021-10-13,24741.61636863873,26489.05222286392
2021-10-14,24998.503606393617,26769.742664224632
2021-10-15,25355.182038474293,27093.433917367947
2021-10-18,25430.909996179085,27231.376880721986
2021-10-19,25816.81257554781,27714.49092393975
2021-10-20,25461.86727248892,27402.789664760465
2021-10-21,25955.512034848787,27931.683923584515
2021-10-22,25815.879344416306,27713.733990544857
2021-10-25,25480.98008818095,27336.754151740683
2021-10-26,25416.28492857457,27291.75013464585
2021-10-27,25922.425047172117,27858.596499730367
2021-10-28,25888.229597965325,27868.17504230226
2021-10-29,25636.23147160611,27617.257741896992
2021-11-01,25382.041541287163,27280.25673262873
2021-11-02,25395.95800508637,27323.972867286124
2021-11-03,24935.725915359893,26775.238567127835
2021-11-04,24597.15460092505,26438.456637584164
2021-11-05,24979.95939812808,26833.1502431599
2021-11-08,25334.014428113554,27221.618512212917
2021-11-09,25364.0351144909,27195.55198963148
2021-11-10,25270.78357172037,27067.69846349532
2021-11-11,25325.324453997226,27099.80543678353
2021-11-12,25907.993758468725,27767.818265376514
2021-11-15,26041.16804842789,27909.434793208253
2021-11-16,26323.539685133303,28147.928533142163
2021-11-17,26266.48820774248,28127.90749053196
2021-11-18,26281.81988055819,28172.22628967657
2021-11-19,26406.707980029005,28454.822062862517
2021-11-22,26451.3677900768,28545.71027880976
2021-11-23,25959.09017523533,28025.477648958637
2021-11-24,26348.40714604617,28444.21532878305
2021-11-25,26199.386042088987,28282.20794854971
2021-11-26,26797.17069954939,28977.46053923521
2021-11-29,27005.13731910072,29257.873062362894
2021-11-30,27036.687684222084,29327.795838868107
2021-12-01,27204.164476818398,29468.134513186626
2021-12-02,27173.367812947126,29490.315494086328
2021-12-03,27045.76481356486,29338.677349739235
2021-12-06,27102.34517861108,29406.035694190206
2021-12-07,27384.386323906307,29707.622391834764
2021-12-08,27295.94463522497,29600.59106803649
2021-12-09,27128.99685624616,29454.490950398773
2021-12-10,27083.62543797165,29385.93618466725
2021-12-13,27372.601406714635,29669.72964828177
2021-12-14,27795.16100164336,30106.16458281564
2021-12-15,27914.572105833395,30189.44652115248
2021-12-16,28050.81149015697,30384.239591956844
2021-12-17,27878.4266799286,30214.02217316965
2021-12-20,28138.60984490276,30506.7080713432
2021-12-21,28330.683363908072,30686.0401852035
2021-12-22,28143.113745879906,30530.330504061058
2021-12-23,27659.7942672853,29989.960112541805
2021-12-24,27343.831227827763,29633.164175783884
2021-12-27,27160.5838200989,29422.47541101494
2021-12-28,27474.449946991557,29817.874637804525
2021-12-29,27903.01544342228,30306.835454825927
2021-12-30,27819.46146894832,30184.169341434
2021-12-31,27743.075008280663,30033.62490216375
2022-01-03,27809.20656125685,30113.077393229327
2022-01-04,27810.44695792908,30063.962232093832
2022-01-05,28100.02194330817,30320.674037647637
2022-01-06,27959.61052258278,30156.01597172435
2022-01-07,28250.254571580048,30510.85419138135
2022-01-10,28143.39480654788,30413.49384758654
2022-01-11,28386.23964626019,30641.692032026065
2022-01-12,28328.666050088574,30579.696532183807
2022-01-13,28168.00008423749,30392.579857926263
2022-01-14,28742.42687560332,30947.18409418537
2022-01-17,29047.600714507866,31257.414555001906
2022-01-18,28549.999783422907,30625.570888636463
2022-01-19,28418.78915243956,30493.15047924513
2022-01-20,28731.44519890657,30845.71300990591
2022-01-21,28385.19606781813,30495.526552878626
2022-01-24,28571.79790753281,30705.95998912856
2022-01-25,28791.690715876663,30903.36850934292
2022-01-26,28565.128762835484,30702.35414025334
2022-01-27,28545.80823925844,30728.005578381973
2022-01-28,27927.39476513829,30064.90211343089
2022-01-31,28445.42802108097,30597.95705496132
2022-02-01,28376.16705140999,30496.36292739571
2022-02-02,28657.65358668723,30791.13076035416
2022-02-03,28792.64022392186,30996.85940241178
2022-02-04,29157.224263637672,31428.95224312359
2022-02-07,29029.962792890597,31253.67040659688
2022-02-08,29116.95722549152,31321.81262055108
2022-02-09,29268.552013365526,31483.521001364526
2022-02-10,29525.09651720014,31773.353549565603
2022-02-11,29859.278317959604,32054.226648605774
2022-02-14,29714.253995153504,31848.67008243928
2022-02-15,29507.68861340937,31584.90945530252
2022-02-16,29864.277700158564,32058.88074784177
2022-02-17,29243.373942396847,31376.76917749616
2022-02-18,29713.690647014137,31864.41872650986
2022-02-21,29683.39943131073,31754.20840016829
2022-02-22,29689.914852059457,31780.3230762613
2022-02-23,29531.92968514205,31532.31259180634
2022-02-24,29502.40016646737,31553.78603118333
2022-02-25,29898.364994802483,31993.60749713443
2022-02-28,30084.928593975583,32291.429699025528
2022-03-01,30207.237586389067,32456.622808125583
2022-03-02,30226.585539063657,32454.22172643589
2022-03-03,29743.90821253921,31915.77146730449
2022-03-04,29493.39458551835,31589.033258762956
2022-03-07,29355.783480384674,31468.341402922968
2022-03-08,29409.73812005964,31636.54848460889
2022-03-09,29356.40763258304,31653.35017421466
2022-03-10,29642.634435616605,31984.69129185267
2022-03-11,29778.830278515856,32200.48903961457
2022-03-14,29798.47902555033,32248.9825991763
2022-03-15,30452.08333923904,32998.17554924097
2022-03-16,30619.869353089885,33123.69457243709
2022-03-17,30490.433431706017,33006.86872575823
2022-03-18,31031.865490550987,33558.35089252055
2022-03-21,31409.20332828355,33999.001133593774
2022-03-22,31934.03327979189,34648.12078508534
2022-03-23,31917.033102364665,34526.60975610792
2022-03-24,32195.56675086092,34853.2495870259
2022-03-25,31718.81098031104,34307.30135850526
2022-03-28,31939.036629486796,34635.49695193363
2022-03-29,31882.031877971312,34552.16990238332
2022-03-30,31445.511098864976,34089.63726916257
2022-03-31,31768.696440209354,34438.196874026566
2022-04-01,31169.814262530144,33776.03746436467
2022-04-04,30551.87663597633,33125.07892401107
2022-04-05,30629.19074130438,33257.19926534808
2022-04-06,30844.40582685049,33458.45360913112
2022-04-07,31129.27404591728,33742.824236026994
2022-04-08,31406.254138544708,33955.26923011285
2022-04-11,31893.52682869909,34484.918318627904
2022-04-12,32106.11826442211,34718.63982910046
2022-04-13,32001.49387339664,34679.70671693425
2022-04-14,31994.575636027133,34612.36172638082
2022-04-15,31896.09526474598,34510.504668605914
2022-04-18,32005.797032125683,34611.12604376398
2022-04-19,31599.330513836296,34201.85412903354
2022-04-20,31710.99773753703,34346.08111681779
2022-04-21,31660.838179443854,34387.441770375044
2022-04-22,31684.95989166253,34461.229601374274
2022-04-25,31767.47376111631,34548.76890567127
2022-04-26,30946.132450831727,33696.54622860222
2022-04-27,30675.606184355194,33384.9463299415
2022-04-28,30649.395634201544,33330.40237903466
2022-04-29,30579.75369331002,33284.25355570464
2022-05-02,30660.81902015548,33374.3378994204
2022-05-03,30751.724116005145,33492.17136694797
2022-05-04,31197.04558915632,34007.62462410213
2022-05-05,31309.251303881847,34109.653846813555
2022-05-06,31169.18745797865,33964.471897256786
2022-05-09,30693.533738238468,33454.30558348816
2022-05-10,30306.469307734584,32991.650494576774
2022-05-11,30429.264620563223,33168.276735986765
2022-05-12,30796.446136142127,33544.17433814162
2022-05-13,31261.664410000743,34089.22052465477
2022-05-16,30960.04168060261,33774.16178582156
2022-05-17,30829.302509916808,33681.89599652971
2022-05-18,30922.94467764807,33756.53432260171
2022-05-19,31525.97486279088,34457.3780330696
2022-05-20,31543.693557498616,34466.79924088287
2022-05-23,32040.557902238463,34982.52212851658
2022-05-24,32041.627393508177,34992.58342159621
2022-05-25,32356.570681845344,35409.29654907069
2022-05-26,32690.367662623645,35780.01894288046
2022-05-27,32760.60661082482,35879.63258397805
2022-05-30,32403.643797780303,35517.125168724015
2022-05-31,32262.02173201496,35464.98412807805
2022-06-01,32699.030834979807,35974.83511135018
2022-06-02,32963.25673259492,36238.370410791686
2022-06-03,32818.088933507446,36082.13485668072
2022-06-06,32696.251776463767,35896.8965462469
2022-06-07,32191.90081905252,35279.19442192756
2022-06-08,32738.44235514104,35766.93445103696
2022-06-09,33056.61149091681,36114.41459001631
2022-06-10,32998.38711873368,36111.19524732255
2022-06-13,33047.75053404542,36168.1960343795
2022-06-14,32212.300486617434,35378.43441668652
2022-06-15,32009.59959701845,35179.70635451765
2022-06-16,32400.700463804405,35642.07724553351
2022-06-17,32729.870649583747,35995.679613805245
2022-06-20,32858.06199472913,36158.98392101919
2022-06-21,32837.82213423208,36132.56278722133
2022-06-22,33127.51024083369,36459.865367855135
2022-06-23,33055.515541388064,36316.78566685377
2022-06-24,32515.908152735592,35700.40265390547
2022-06-27,32544.86478974273,35674.052068387944
2022-06-28,32618.565336622403,35841.722037248335
2022-06-29,32898.054527959845,36222.28223697427
2022-06-30,32386.97821364032,35648.80630397765
2022-07-01,32319.67339181288,35643.87529845212
2022-07-04,32318.62361234692,35603.88900252193
2022-07-05,31996.11944213948,35162.50521988671
2022-07-06,32110.61593539122,35364.19256995883
2022-07-07,32366.00205316876,35613.89526205382
2022-07-08,32231.929644960983,35556.65199164601
2022-07-11,32835.660231341884,36277.08375990972
2022-07-12,32735.018159524643,36220.58919369363
2022-07-13,32598.06353486164,36069.26439850719
2022-07-14,32421.18327424708,35911.087417799215
2022-07-15,32156.960959561708,35551.66932110962
2022-07-18,31999.4780289798,35379.824403075385
2022-07-19,31563.084390779797,34859.86911095116
2022-07-20,31469.294523837558,34707.71210812101
2022-07-21,31489.17662383593,34762.07052474996
2022-07-22,30798.540495865,33977.472775532515
2022-07-25,30761.776090100877,33975.62369247235
2022-07-26,30800.089963471404,33972.400563436924
2022-07-27,30976.34310633074,34129.042157642165
2022-07-28,31363.125341164687,34500.576408621484
2022-07-29,31588.66795158572,34833.16267404492
2022-08-01,31419.16072377168,34631.2662345828
2022-08-02,31187.408190235597,34284.791546808534
2022-08-03,31362.686666159832,34499.5215868794
2022-08-04,31171.138065942418,34278.83682310876
2022-08-05,30830.246765654847,33843.89185927334
2022-08-08,31573.13894634301,34686.21140728242
2022-08-09,31440.257716678272,34579.44100240338
2022-08-10,31281.622836212773,34417.84008883731
2022-08-11,30594.010092971384,33636.56647254284
2022-08-12,30859.659259092085,33933.44073585682
2022-08-15,30594.49453885054,33554.22308933122
2022-08-16,30591.628829324345,33523.11122380672
2022-08-17,30853.92563608657,33863.522669443424
2022-08-18,30575.844522446783,33502.248632120965
2022-08-19,30620.6968191092,33563.23276410524
2022-08-22,31143.47111828264,34083.811205705264
2022-08-23,30355.31597298431,33192.06650367008
2022-08-24,30072.803549897213,32955.75960450231
2022-08-25,29752.212001196327,32688.469321656758
2022-08-26,29667.790330078093,32600.41840388647
2022-08-29,29646.14873828638,32558.26210197929
2022-08-30,29356.19023518196,32261.54124389696
2022-08-31,29141.85582834133,32028.97276233048
2022-09-01,28908.85006522076,31790.42616396807
2022-09-02,28800.11298927459,31717.537300898453
2022-09-05,28893.10426986609,31747.30133979618
2022-09-06,29168.357588289,32087.190909502744
2022-09-07,29458.83152378889,32419.87447593156
2022-09-08,29632.88330350696,32616.273876127667
2022-09-09,29321.495254111403,32278.863383675474
2022-09-12,29319.868336739903,32323.342998519867
2022-09-13,29995.102946624746,33082.081842511674
2022-09-14,30347.450861601923,33384.3851125375
2022-09-15,30160.3197167191,33203.31949372425
2022-09-16,30614.461666986164,33677.70648831468
2022-09-19,30488.67499955904,33572.90620127764
2022-09-20,30242.63217109252,33343.532014992044
2022-09-21,30673.688120354145,33812.04469987216
2022-09-22,30274.59888943741,33363.59232211876
2022-09-23,29667.577930584303,32758.91228486604
2022-09-26,29980.885431649283,33109.072759965326
2022-09-27,30016.580225831018,33062.90109960556
2022-09-28,30079.606554511272,33124.157705501086
2022-09-29,29921.665999958816,32991.54768017679
2022-09-30,29855.594765679794,32962.834633136255
2022-10-03,29737.47483185075,32776.94775700343
2022-10-04,29598.763165897424,32565.75447210124
2022-10-05,29475.19000613626,32424.920530044743
2022-10-06,29302.522349785217,32281.31146038335
2022-10-07,29071.373725731668,31992.750825397507
2022-10-10,28922.201544083728,31783.930400676425
2022-10-11,28191.380225370503,30979.364484134843
2022-10-12,28386.917975470908,31142.80805986912
2022-10-13,28482.398133118077,31315.83894255021
2022-10-14,28441.339776434943,31286.01804198651
2022-10-17,28503.526427320237,31407.625182368596
2022-10-18,28615.43532395225,31517.42688423411
2022-10-19,28377.54776209545,31292.78216055988
2022-10-20,28239.693571625336,31097.736630162923
2022-10-21,28361.4814575978,31315.167139920177
2022-10-24,28408.96514435749,31428.82592634592
2022-10-25,29014.93685528992,32093.47474711011
2022-10-26,29495.094976856133,32575.4424973596
2022-10-27,29773.437126081622,32928.29135915684
2022-10-28,29563.950935026995,32674.17189855328
2022-10-31,29444.7008117476,32476.63946841128
2022-11-01,29128.46405041279,32146.38307109002
2022-11-02,29229.36624024661,32179.613779694268
2022-11-03,28433.606103566624,31302.73879223759
2022-11-04,28292.693860472456,31187.765339614
2022-11-07,28221.22715715344,31153.79799105552
2022-11-08,27767.04860565938,30692.128189161394
2022-11-09,27957.53164861735,30889.15765521865
2022-11-10,27579.35156819955,30543.726626585507
2022-11-11,27655.51676210947,30609.393321566004
2022-11-14,28373.57206357088,31454.278176031552
2022-11-15,27913.751001923945,30959.15361985489
2022-11-16,27869.031782705184,30916.88929822275
2022-11-17,27742.207238987616,30839.322866860814
2022-11-18,27544.18512719651,30625.25729705361
2022-11-21,27737.274075682744,30876.23941354605
2022-11-22,28012.55074554497,31225.705196391234
2022-11-23,28230.524572376624,31446.60679992371
2022-11-24,28032.81459578731,31179.69200959864
2022-11-25,28680.972701364037,31953.661019348336
2022-11-28,28122.77823385977,31304.8967896404
2022-11-29,27844.546725727425,31004.81285238948
2022-11-30,27876.02469970402,31034.613687858626
2022-12-01,27926.18689301081,31024.19473981882
2022-12-02,28021.61257732632,31197.424102684145
2022-12-05,28461.842734953647,31730.283734410743
2022-12-06,28363.96885964115,31643.813844803768
2022-12-07,28393.79716553335,31690.51107000432
2022-12-08,28246.20156719739,31500.645423301285
2022-12-09,28414.208288949703,31674.19978366877
2022-12-12,28366.078024084945,31533.138599870115
2022-12-13,28282.92144640516,31396.15264032291
2022-12-14,28448.931167089933,31534.43732713893
2022-12-15,28761.670977759837,31867.63960190965
2022-12-16,28173.885207307438,31137.688803158093
2022-12-19,28284.68606458309,31224.820888672377
2022-12-20,28197.288472245215,31138.880053158297
2022-12-21,28418.607564207752,31392.539513359246
2022-12-22,28361.731509058347,31304.661204909928
2022-12-23,28711.0799106581,31693.832884202067
2022-12-26,28493.948952199047,31475.49844023477
2022-12-27,27868.2713211533,30690.390217158376
2022-12-28,28197.91853861576,31057.62988515776
2022-12-29,27891.51701230719,30820.96354259141
2022-12-30,27477.403277375437,30321.043684099262
2023-01-02,27478.703292288537,30393.407840710574
2023-01-03,27445.89814296442,30380.55807591804
2023-01-04,27743.05889073236,30654.953466628
2023-01-05,27973.73722876262,30933.31884722336
2023-01-06,28009.29572741635,31011.74363920166
2023-01-09,27797.28185522633,30783.1417565704
2023-01-10,27866.72060433909,30897.840782379648
2023-01-11,27946.517076230768,30899.561679716917
2023-01-12,28130.40526008593,31097.35405178061
2023-01-13,27921.16420642188,30948.7678867612
2023-01-16,27880.821493365267,30838.967060040297
2023-01-17,28065.466134973525,31059.29881054278
2023-01-18,28417.911260118904,31464.184860691494
2023-01-19,28708.673232344307,31716.06661551701
2023-01-20,28758.960040377515,31771.20026767596
2023-01-23,28708.44781507787,31678.53770487691
2023-01-24,28838.691556600348,31831.89185823214
2023-01-25,28619.542637899925,31546.055829424684
2023-01-26,28423.464184501125,31339.373156706108
2023-01-27,28870.52656211332,31827.63637703351
2023-01-30,29010.911757904007,31990.15515761486
2023-01-31,28938.747605841865,31921.04859075728
2023-02-01,29170.227022726256,32193.67713224983
2023-02-02,29582.37178752909,32578.731486308865
2023-02-03,29479.115829580867,32444.76540824824
2023-02-06,29357.73320477093,32351.117589252717
2023-02-07,29228.811034496543,32283.581419837155
2023-02-08,29509.168128969388,32650.372711528453
2023-02-09,29831.70403016184,32975.3191207714
2023-02-10,30302.5457344029,33444.067452656884
2023-02-13,30659.82595490468,33841.36865897017
2023-02-14,30258.93908098489,33401.13877744408
2023-02-15,30390.648687249704,33489.95210599998
2023-02-16,30139.37338612701,33241.53265797201
2023-02-17,30082.408672704747,33101.74557645199
2023-02-20,30180.60304339588,33199.09532763258
2023-02-21,30440.223065135266,33506.20332610496
2023-02-22,30239.32999207901,33291.3436475167
2023-02-23,29686.532052123388,32647.72879562624
2023-02-24,29779.610279542456,32802.67159244861
2023-02-27,30556.919866178087,33635.84595905942
2023-02-28,30500.611518298752,33581.15545335674
2023-03-01,30578.554957583725,33615.55502232226
2023-03-02,31074.88823710097,34181.17629070982
2023-03-03,31255.902172660222,34437.30844625667
2023-03-06,31349.513826493425,34500.75607804128
2023-03-07,31512.84776814637,34690.67919081401
2023-03-08,31606.53100649276,34852.93181239716
2023-03-09,31306.94127269818,34569.556287440064
2023-03-10,30985.224142679235,34218.19612110082
2023-03-13,31514.54169537184,34856.139373868755
2023-03-14,31602.84929109973,34908.07650799616
2023-03-15,31704.16548862967,34954.34629999025
2023-03-16,31697.13931275805,34932.7582932726
2023-03-17,31980.221574189,35172.68775624806
2023-03-20,32769.04874857987,36072.18346133325
2023-03-21,32980.49930757336,36315.54495090764
2023-03-22,32870.56755404389,36129.46186908461
2023-03-23,32917.70813098013,36112.81716583778
2023-03-24,33272.31679456893,36500.05888576658
2023-03-27,33154.07818374161,36329.81725422475
2023-03-28,33450.38062727734,36613.63592089545
2023-03-29,32830.813642098154,35902.97886255504
2023-03-30,32792.69129235806,35854.31440337223
2023-03-31,33038.56723094276,36079.58820606716
2023-04-03,33460.023556393746,36586.33148144334
2023-04-04,33226.55540310194,36369.70408774913
2023-04-05,32827.53238661433,35908.94650179828
2023-04-06,32773.35362796172,35910.5713185422
2023-04-07,32461.14352801364,35518.4499506593
2023-04-10,32477.3482474329,35470.661298752355
2023-04-11,32536.846751149147,35559.26078679324
2023-04-12,32210.09366093108,35210.2701037065
2023-04-13,32547.01127598876,35547.42644977119
2023-04-14,32550.775284216597,35597.71626994494
2023-04-17,32963.48377658866,36057.33238816176
2023-04-18,32439.48665672106,35441.96899466134
2023-04-19,32163.49404366243,35179.33753590375
2023-04-20,32356.770356386234,35381.98963192639
2023-04-21,32181.02411365807,35113.70073775249
2023-04-24,32176.52998138648,35142.91604971319
2023-04-25,32233.01934526386,35210.468737141025
2023-04-26,32369.096729378474,35302.390828348056
2023-04-27,32189.409801769507,35168.010767062515
2023-04-28,32308.983792776904,35278.88644317946
2023-05-01,32115.024422263545,35068.68172942054
2023-05-02,32307.44966052221,35367.70681078853
2023-05-03,32347.641909144702,35327.318627957415
2023-05-04,32459.6605540406,35435.11421276561
2023-05-05,33216.20978977274,36271.73471463724
2023-05-08,32937.510947903305,35933.06832027144
2023-05-09,33448.60853942761,36469.32565684535
2023-05-10,32704.02682337663,35642.72043878297
2023-05-11,32175.05479868582,35036.47413393593
2023-05-12,31870.485914624005,34645.98081928674
2023-05-15,31668.560624737773,34275.653632214
2023-05-16,31754.72360356333,34324.98501170748
2023-05-17,31892.77340738314,34463.515928864006
2023-05-18,31882.308910770545,34365.14585807647
2023-05-19,31913.043583022303,34332.17885349197
2023-05-22,32098.1672442553,34572.519615853336
2023-05-23,32385.775861053015,34890.75750688943
2023-05-24,32063.87186100059,34523.53795290236
2023-05-25,31986.97863559228,34445.35497376609
2023-05-26,32012.106655113403,34434.66345703015
2023-05-29,32222.22940552324,34640.16452791345
2023-05-30,32039.232017656926,34478.16675684838
2023-05-31,32048.103545683178,34485.83913540308
2023-06-01,32079.678104744005,34549.37297530374
2023-06-02,31924.676131275766,34345.20968322139
2023-06-05,31748.051892411186,34134.96426821271
2023-06-06,31791.98622908629,34148.63833917137
2023-06-07,31785.50013717972,34091.44682438783
2023-06-08,31952.103263642497,34268.91629351575
2023-06-09,31721.171564402703,33944.73749045145
2023-06-12,31634.974986182013,33864.05829809608
2023-06-13,31589.322929745784,33880.61956471188
2023-06-14,31822.648233168176,34162.366263025826
2023-06-15,31602.06449598729,33939.3606524264
2023-06-16,31694.709945417133,33988.9123160587
2023-06-19,31800.085200073583,34155.33304436819
2023-06-20,32318.41903922585,34721.43530247109
2023-06-21,32029.91825640452,34402.458088838895
2023-06-22,31879.47186575097,34187.931901814314
2023-06-23,31673.695010077878,33906.64825067461
2023-06-26,31234.929770827825,33364.46942643599
2023-06-27,31756.190164981104,33906.24053022195
2023-06-28,31365.732961014477,33579.6848075613
2023-06-29,31224.411855141847,33407.07817370777
2023-06-30,31652.92285846563,33837.649155194296
2023-07-03,31216.996488058096,33375.91177842546
2023-07-04,31471.227268959738,33608.97400925237
2023-07-05,31093.050012147552,33271.37633525947
2023-07-06,31476.90952413888,33582.26081385799
2023-07-07,30853.73525190312,32940.17047654405
2023-07-10,30435.80908160701,32441.25959021837
2023-07-11,30355.15819107752,32301.614615869166
2023-07-12,30597.45645410565,32613.4470107324
2023-07-13,30636.202647982715,32652.640338363093
2023-07-14,30541.9490407646,32580.508678055758
2023-07-17,31030.591885702557,32982.79380471814
2023-07-18,31690.23646076576,33606.578361590306
2023-07-19,31947.37444244207,33825.121822405104
2023-07-20,31819.46986161308,33629.43233239375
2023-07-21,31747.16220033989,33510.94900381072
2023-07-24,31394.417112768773,33170.412048979124
2023-07-25,31447.064649997115,33254.32938961996
2023-07-26,31017.58648444323,32799.80356461393
2023-07-27,31222.67040424847,32994.6373465278
2023-07-28,31792.612671144,33624.92920113333
2023-07-31,32074.08740375384,33891.49633468736
2023-08-01,31950.04959695112,33800.62593065053
2023-08-02,32154.87345084597,34023.07746698124
2023-08-03,32630.98949822307,34547.64888291356
2023-08-04,33109.282224120914,35075.55398429501
2023-08-07,32867.753260338635,34805.671705924935
2023-08-08,33070.47776501988,35058.44928887213
2023-08-09,33085.887864295546,35045.50664532063
2023-08-10,33326.60272132676,35322.856049214584
2023-08-11,33472.93385230656,35519.77058406264
2023-08-14,32798.29274101433,34767.24025321809
2023-08-15,32710.884941151053,34696.30331991431
2023-08-16,32837.70546169241,34857.21731768413
2023-08-17,32446.44245078589,34439.34155170033
2023-08-18,32615.658966871197,34731.97176278325
2023-08-21,32161.74227439018,34329.26157969224
2023-08-22,31957.47380657156,34099.082612364095
2023-08-23,32346.13432992804,34642.87064217939
2023-08-24,32134.83293323577,34404.95034679982
2023-08-25,32367.888720074723,34605.950395855034
2023-08-28,31895.95462553887,34093.17774869213
2023-08-29,32515.364054731734,34827.2075009187
2023-08-30,32458.14881193899,34718.37476023873
2023-08-31,32515.157976652798,34799.90126996426
2023-09-01,32577.51678008466,34871.34417964554
2023-09-04,32776.95121469995,35151.106494275184
2023-09-05,32352.1692077173,34754.14662251692
2023-09-06,32369.543012469905,34806.27872291141
2023-09-07,32202.02538007508,34664.637542351105
2023-09-08,31714.992635746617,34195.164793672986
2023-09-11,32038.421153870757,34525.004171618064
2023-09-12,31969.994188015226,34508.60158213973
2023-09-13,32082.54545843649,34603.41774337521
2023-09-14,32134.32397537332,34720.39062518487
2023-09-15,32082.33625612043,34680.29124174273
2023-09-18,32644.194898915,35310.86531310426
2023-09-19,32706.92063210933,35350.46475842111
2023-09-20,32305.01243094863,34854.11986584129
2023-09-21,32195.67871886857,34803.22440818328
2023-09-22,32412.54933344064,34967.60949886262
2023-09-25,32565.341620643187,35177.57706054928
2023-09-26,32259.57335524284,34840.50531084744
2023-09-27,32527.77829708628,35164.11143471252
2023-09-28,32013.172674787365,34599.56852866334
2023-09-29,32390.787531947943,35003.4134097762
2023-10-02,32060.7496249186,34564.5879700455
2023-10-03,32034.256982342144,34606.85031406436
2023-10-04,32367.696617757232,35015.9548306716
2023-10-05,32467.792355856385,35127.55693426072
2023-10-06,32750.8124247466,35453.79984691102
2023-10-09,32995.36179977876,35721.07763496973
2023-10-10,33380.054701460635,36125.60317151069
2023-10-11,33687.36166979128,36512.3250960264
2023-10-12,33610.225290857394,36364.60411425925
2023-10-13,33873.072214651394,36602.14240022995
2023-10-16,33431.64775539977,36103.40698524188
2023-10-17,33391.3315108686,36136.68519517513
2023-10-18,33734.5620200471,36450.171854963104
2023-10-19,33753.25087451874,36568.01760349957
2023-10-20,33874.59244756361,36718.49932333639
2023-10-23,33842.14771670339,36696.06443140312
2023-10-24,34192.51415002674,37111.15348270233
2023-10-25,34233.25181019048,37160.80679888738
2023-10-26,34173.76827548612,37118.465254545365
2023-10-27,34515.11453308781,37457.93193106124
2023-10-30,34149.698683528564,37038.07901290135
2023-10-31,34361.96184105828,37260.333594326585
2023-11-01,34049.4597977997,36911.05121974424
2023-11-02,34478.62679104398,37394.7439097926
2023-11-03,34415.576201962016,37366.73942598296
2023-11-06,34570.29584344251,37393.599722584666
2023-11-07,34760.272688311336,37578.52683911366
2023-11-08,34213.962660596415,36942.652345700095
2023-11-09,34049.690359046734,36772.01909637214
2023-11-10,34400.07118292133,37113.38147654374
2023-11-13,34701.965182049666,37401.88788824542
2023-11-14,34854.670588481844,37475.07180862094
2023-11-15,34509.03362845462,37072.79517864942
2023-11-16,34747.246718706425,37237.198637419984
2023-11-17,35000.62353315091,37569.59915972577
2023-11-20,35039.28336474046,37591.29770212298
2023-11-21,35444.75334278103,38056.84456117177
2023-11-22,35239.0937901277,37911.61634655392
2023-11-23,35117.39960658319,37759.51259468621
2023-11-24,34328.56280624466,36962.77601587663
2023-11-27,34669.792630082826,37290.850505522
2023-11-28,34731.797080266464,37459.256546298406
2023-11-29,34241.273438961645,36939.3580481684
2023-11-30,33807.42909240797,36387.23393495978
2023-12-01,33565.11386218663,36098.53503280814
2023-12-04,33834.65849852848,36411.52222799675
2023-12-05,33785.60037622973,36418.44609958088
2023-12-06,33598.293119760856,36189.05560280893
2023-12-07,33310.63785187563,35908.754317244486
2023-12-08,33005.33866823252,35612.73903978367
2023-12-11,32486.6369715323,35016.45290479574
2023-12-12,32152.126978428983,34594.67305605715
2023-12-13,31917.69405325063,34310.97575943843
2023-12-14,32165.733680213943,34514.409959970784
2023-12-15,32200.740652438017,34488.090841530655
2023-12-18,31990.82212782777,34232.04588483355
2023-12-19,32637.054619832958,35039.3950355049
2023-12-20,32523.20107553127,34862.93307447508
2023-12-21,32881.75446069352,35265.98206962336
2023-12-22,33389.460653749964,35791.65386557455
2023-12-25,32947.98860221813,35325.10486469238
2023-12-26,33043.004800007126,35392.83100969544
2023-12-27,32876.66120648334,35280.515008602786
2023-12-28,32730.483347296908,35178.07040328425
2023-12-29,32980.14653698489,35451.99547647223
2024-01-01,32785.883814010114,35329.84832075784
2024-01-02,32664.28923435158,35241.01128053967
2024-01-03,32622.355846468363,35202.40938077856
2024-01-04,32538.84374648281,35105.9972005192
2024-01-05,32227.09265969945,34709.84198024195
2024-01-08,32550.126725100563,35048.90440716075
2024-01-09,32913.77404463145,35478.87357803364
2024-01-10,33040.9173485919,35719.176083510305
2024-01-11,32858.20573999763,35638.81172941544
2024-01-12,32598.077075084853,35407.13072067306
2024-01-15,32395.258074925077,35238.901136207576
2024-01-16,33165.66951490478,36164.67114724745
2024-01-17,33467.46272604162,36592.52164347177
2024-01-18,33200.544776691284,36315.23492099391
2024-01-19,33273.93788806829,36456.14824847043
2024-01-22,33219.448141075634,36370.9737247097
2024-01-23,33405.01647554012,36594.93679605916
2024-01-24,33582.27733941841,36749.13131740324
2024-01-25,34018.760122584696,37177.00126750953
2024-01-26,33748.51310034138,36944.2147361754
2024-01-29,33798.16946053001,36986.54649288183
2024-01-30,33230.01494940387,36318.94493960198
2024-01-31,32853.5505404223,35872.92893256553
2024-02-01,33156.91158415029,36208.05115712984
2024-02-02,32868.01344373526,35893.20428195028
2024-02-05,32604.11409084652,35605.41128948507
2024-02-06,32628.100821110827,35628.59559296607
2024-02-07,32885.16739124054,35889.67808330012
2024-02-08,32598.94558032816,35537.75807141004
2024-02-09,31477.15278263153,34320.8789274175
2024-02-12,31229.21980890917,33988.23741923846
2024-02-13,31644.48203578638,34402.754570530466
2024-02-14,31811.11486239631,34546.428313367585
2024-02-15,32285.699106070588,35022.86862373952
2024-02-16,31951.599196460764,34693.08344612527
2024-02-19,31447.94680218356,34124.30217236455
2024-02-20,31642.31165945187,34338.318085281004
2024-02-21,31729.374791554863,34385.731435784415
2024-02-22,31835.52605668705,34547.75746959591
2024-02-23,32136.52879828488,34907.87043886096
2024-02-26,32279.83728757104,35022.61327438564
2024-02-27,32418.017417719664,35223.237914453544
2024-02-28,32602.14584548442,35521.3405914468
2024-02-29,32756.61797785802,35757.596285659085
2024-03-01,33090.36789475421,36097.00740993455
2024-03-04,33448.25809527983,36472.36393607132
2024-03-05,33945.6773301657,37137.59500487747
2024-03-06,33726.490611821326,36983.99556891202
2024-03-07,33889.933267388646,37218.65620579424
2024-03-08,33756.371656126306,37131.71702234896
2024-03-11,33494.38247306319,36838.494617274046
2024-03-12,33314.00249420649,36595.93329413407
2024-03-13,33461.29724737758,36842.14531137637
2024-03-14,33593.02182524457,37052.1710839027
2024-03-15,33790.45193944352,37223.600690355874
2024-03-18,33784.545921540084,37190.006558337824
2024-03-19,33792.59630894553,37277.56148325465
2024-03-20,34060.769457957154,37608.67484052567
2024-03-21,33577.098173137514,37094.61745264777
2024-03-22,33653.044676406374,37177.046921517256
2024-03-25,33721.13521152833,37234.86777312976
2024-03-26,33943.93272284254,37506.21902011106
2024-03-27,33576.12208482493,36955.229941838734
2024-03-28,34082.00837281571,37595.03474713725
2024-03-29,34192.63916991099,37746.35759666673
2024-04-01,34259.03426266564,37855.690994533164
2024-04-02,34042.47846021997,37625.32243937703
2024-04-03,34176.334225115555,37826.08087308611
2024-04-04,34120.94540938926,37761.69527411543
2024-04-05,34585.07580284165,38285.20689181765
2024-04-08,33982.96731227805,37601.562255289806
2024-04-09,34024.557880647175,37548.628105072654
2024-04-10,34192.29313836166,37701.90756827565
2024-04-11,34028.09050351787,37574.1626114138
2024-04-12,33766.30370499179,37342.31200914235
2024-04-15,33514.01007579498,37077.67393346452
2024-04-16,33547.71177644635,37128.63613586664
2024-04-17,32769.603802762686,36227.29892996218
2024-04-18,33020.79308058756,36581.12233737484
2024-04-19,32788.719732720936,36287.39131956626
2024-04-22,32779.245577319896,36270.79664365984
2024-04-23,32854.09767242344,36369.93231639618
2024-04-24,32578.702823558702,36121.57774634025
2024-04-25,32396.950158669395,35977.60607075602
2024-04-26,31519.21508124768,35023.1838640324
2024-04-29,31741.82357454716,35329.54517417706
2024-04-30,32158.02141465769,35704.425603996744
2024-05-01,31443.746012380077,34902.509322845974
2024-05-02,31208.68111144174,34686.703939437146
2024-05-03,30684.439561534586,34063.82660933776
2024-05-06,30555.18282776029,33893.19354039478
2024-05-07,30769.68885362458,34164.50408051628
2024-05-08,31086.386681238622,34518.44621416944
2024-05-09,31453.66217587236,34969.86868736886
2024-05-10,31928.210651045345,35462.57325476588
2024-05-13,31793.589711778997,35324.06757884108
2024-05-14,31262.598897383952,34806.140258166684
2024-05-15,31217.572885785783,34733.96787566652
2024-05-16,31359.72572878179,34871.00010943344
2024-05-17,30863.665084158656,34256.64808918789
2024-05-20,31431.827405784057,34942.43963606619
2024-05-21,31693.26814569512,35249.11548874581
2024-05-22,31566.42905449489,35049.538811452054
2024-05-23,31216.41040805417,34681.09052646209
2024-05-24,30900.19104745724,34354.4766994863
2024-05-27,30957.555836291365,34326.011349507375
2024-05-28,30790.55396462231,34215.28773672149
2024-05-29,31037.40844304228,34503.01249298769
2024-05-30,30835.3296689242,34285.06003870447
2024-05-31,30947.784543341902,34433.165664038825
2024-06-03,30889.839251374488,34394.56329462379
2024-06-04,30937.014849054856,34425.61493635729
2024-06-05,30827.311209343366,34237.320377829776
2024-06-06,30983.29690309751,34512.32803292155
2024-06-07,31231.54543275986,34726.84258952055
2024-06-10,31335.235708185333,34826.73795447015
2024-06-11,31517.50638640396,35082.08845582916
2024-06-12,31125.758168756536,34648.49667412969
2024-06-13,31215.98170321363,34721.965657948334
2024-06-14,31661.551185646196,35214.99188287546
2024-06-17,31836.83904791989,35345.964993492606
2024-06-18,31330.41931023132,34872.091141133904
2024-06-19,31266.27251383648,34776.500177140835
2024-06-20,31343.17448891868,34961.1083172314
2024-06-21,30981.7566931968,34542.97788805522
2024-06-24,30423.65225363777,33946.0493723154
2024-06-25,30322.80476978424,33774.7008172659
2024-06-26,29960.131967189907,33472.99396813784
2024-06-27,29900.483229661862,33377.64255731437
2024-06-28,29243.38278809793,32694.119700258216
2024-07-01,29441.82370509441,32923.731359983416
2024-07-02,29319.359048742044,32714.431052934586
2024-07-03,29677.74942345685,33059.748736704736
2024-07-04,29686.50492270022,33016.51884556726
2024-07-05,29678.366990981627,32971.40552467946
2024-07-08,29677.731159727315,32931.14295314672
2024-07-09,29495.594098133803,32755.454224367248
2024-07-10,30281.15640407582,33651.60941430731
2024-07-11,30122.679878513078,33560.28095650045
2024-07-12,30440.66000480721,33865.7355452618
2024-07-15,30099.276227691505,33526.435074150075
2024-07-16,30208.912831263115,33681.51816137856
2024-07-17,30390.981167297334,33870.845702463455
2024-07-18,30395.96151641942,33851.22427990757
2024-07-19,30250.422510095646,33615.24043808101
2024-07-22,30177.240171649275,33524.62492639885
2024-07-23,30075.47431346677,33410.34341181171
2024-07-24,30853.834190049,34312.49436087673
2024-07-25,30840.14095808309,34404.4614914498
2024-07-26,31005.73993802124,34626.17733904123
2024-07-29,31601.89083115878,35371.857562343444
2024-07-30,31336.26211688292,35024.60537166515
2024-07-31,31422.96898389904,35041.02353438245
2024-08-01,31355.30119456499,34937.8120147894
2024-08-02,31345.264731770894,34909.826698789664
2024-08-05,31338.566942848636,34880.95171865084
2024-08-06,31116.068569934905,34687.31798792824
2024-08-07,31212.811526299203,34724.2647218336
2024-08-08,30937.93201684393,34386.18975116174
2024-08-09,31314.742411808784,34768.857197845915
2024-08-12,31513.3213659828,35014.72394399121
2024-08-13,31411.511000296134,34843.639979418534
2024-08-14,31286.174987881943,34709.75264965328
2024-08-15,31364.56982069409,34812.90601900271
2024-08-16,31147.749593007957,34603.16924470119
2024-08-19,31750.052014246205,35272.890609163536
2024-08-20,31865.87577578012,35472.676361903206
2024-08-21,32033.68584367959,35622.46166686656
2024-08-22,32309.59515958718,35922.69906188171
2024-08-23,32125.16672104222,35739.71229394863
2024-08-26,32488.095237297923,36263.6364531555
2024-08-27,32571.819610510986,36346.06378549254
2024-08-28,32926.00941281071,36781.803891971904
2024-08-29,32887.719380774775,36719.60471440795
2024-08-30,33378.30764477244,37240.26276122682
2024-09-02,33506.598536752004,37379.80271711753
2024-09-03,34319.27986763513,38251.171380275184
2024-09-04,34203.116533615306,38133.14909688303
2024-09-05,34331.47873259378,38236.528000184335
2024-09-06,33958.46096104154,37881.76043646795
2024-09-09,33850.3156727323,37755.25893024029
2024-09-10,34071.27481133785,38076.094642478696
2024-09-11,34493.96966836776,38596.90923558262
2024-09-12,35567.55275546785,39740.9026643975
2024-09-13,35627.322244917385,39740.27352631216
2024-09-16,35347.4575063966,39345.06360424404
2024-09-17,35663.413728174804,39726.9015639873
2024-09-18,35362.30924260447,39361.99257852669
2024-09-19,35613.27550123375,39563.890157862166
2024-09-20,35471.16840458526,39374.08168780756
2024-09-23,35586.48260419761,39447.315230112064
2024-09-24,35999.29626888388,39902.12254448601
2024-09-25,35972.09877726925,39872.20723838968
2024-09-26,36335.16287257869,40299.61981280066
2024-09-27,36594.34492848923,40599.76269013336
2024-09-30,35932.64574112747,39856.95143622456
2024-10-01,35647.81138657406,39497.99973300807
2024-10-02,35123.4818661004,38910.03619093802
2024-10-03,35832.37252999922,39779.64337052592
2024-10-04,35833.199077381745,39795.15597773324
2024-10-07,36506.04399645662,40638.26136844036
2024-10-08,35964.545255722194,39978.86060834218
2024-10-09,35820.44548786142,39716.52560779407
2024-10-10,36143.710059812765,40089.95000710099
2024-10-11,36245.771468537845,40186.67992423805
2024-10-14,36434.84121310059,40410.27153424702
2024-10-15,36014.52861445834,39885.569890943945
2024-10-16,36606.54273036521,40376.979972940986
2024-10-17,36912.08740581886,40738.51358684148
2024-10-18,37112.28660775489,40905.48671671342
2024-10-21,36933.33828666302,40599.96134936586
2024-10-22,37065.25946894557,40796.526421827
2024-10-23,37029.13154447838,40655.40311507515
2024-10-24,36549.23861682574,39971.80276192572
2024-10-25,36515.74449270781,40008.03327606682
2024-10-28,36478.65919623445,39960.95572831542
2024-10-29,36920.7681121724,40369.6444031633
2024-10-30,36066.18528859224,39462.51535851968
2024-10-31,36222.34826528318,39571.549616049735
2024-11-01,35894.299706252496,39188.98060663515
2024-11-04,36051.34371431556,39365.87190370685
2024-11-05,36228.889486511565,39558.58258114698
2024-11-06,36216.76405873483,39549.95862975973
2024-11-07,36502.98409811934,39824.52816971677
2024-11-08,36121.39686924854,39361.30696538463
2024-11-11,36554.25458932046,39857.85763510254
2024-11-12,36298.03901554539,39566.67738546606
2024-11-13,35755.64935338298,39029.20095909157
2024-11-14,35648.64339533665,38854.05725368303
2024-11-15,34915.24469897351,38103.78902872582
2024-11-18,34974.921657079176,38192.58191096101
2024-11-19,34924.94397398718,38224.799359721495
2024-11-20,35339.805423240665,38687.49803760018
2024-11-21,35612.909335911,39025.692592861415
2024-11-22,35127.00458993264,38444.14121306899
2024-11-25,34879.35479245013,38174.31289578612
2024-11-26,35154.38894549145,38437.1706859787
2024-11-27,35512.92350230952,38794.48496004039
2024-11-28,36065.73590511443,39298.40077522537
2024-11-29,36514.147357185015,39892.41613053317
2024-12-02,36460.49115474152,39818.91279764714
2024-12-03,36629.89072204565,40002.69104962606
2024-12-04,37130.23660659416,40609.094343309465
2024-12-05,37017.31275953951,40523.345024926864
2024-12-06,37177.86261659722,40681.38560882875
2024-12-09,37087.4963236171,40617.77667638809
2024-12-10,36995.1887709814,40450.33997399541
2024-12-11,36953.49579187254,40505.89399040907
2024-12-12,36734.52298495121,40296.934850018806
2024-12-13,36726.281615834254,40330.61285193252
2024-12-16,36393.61943647339,40004.75192358702
2024-12-17,36341.26030770085,39969.7237915276
2024-12-18,36566.95932099396,40166.35032812705
2024-12-19,36355.6882956045,39936.72973976428
2024-12-20,36364.5482462168,39998.04611040997
2024-12-23,36381.225679207135,40029.37755702528
2024-12-24,36646.37552311071,40221.86919364632
2024-12-25,36637.73491015986,40144.09374191552
2024-12-26,37071.99420336306,40596.71157513728
2024-12-27,36268.559634796125,39818.29187974247
2024-12-30,37409.571937359375,41043.72865075525
2024-12-31,37154.740978173286,40794.82832841208
2025-01-01,37336.100555675206,40986.12924374081
2025-01-02,37096.82119393897,40736.50729012634
2025-01-03,37307.91048605835,40976.79533886331
2025-01-06,37440.8551580669,41087.47118049506
2025-01-07,37265.94990473418,40907.02997112318
2025-01-08,37662.28469704857,41256.44673471731
2025-01-09,37675.37201956671,41271.78900205502
2025-01-10,37903.81812650269,41460.67081676658
2025-01-13,37595.66159912342,41211.64461373905
2025-01-14,37627.258410481794,41280.48180550197
2025-01-15,38237.82544634724,42024.60053729458
2025-01-16,38607.13157804944,42389.3946198418
2025-01-17,38752.9852885157,42550.90464898627
2025-01-20,38616.85240087735,42456.69280371981
2025-01-21,38735.11599496667,42519.99539249667
2025-01-22,38774.61043477143,42598.35600007237
2025-01-23,38879.86016096923,42848.577259004494
2025-01-24,38609.6770621933,42489.98098587034
2025-01-27,38796.1310600495,42725.32933654218
2025-01-28,38468.10892804123,42389.35135699868
2025-01-29,39007.61516043032,43049.32892644649
2025-01-30,38774.9042540033,42752.862190656815
2025-01-31,38856.95381579007,42894.60769065009
2025-02-03,39176.06509261557,43273.27935075609
2025-02-04,39114.43824601537,43266.73717950424
2025-02-05,39233.26143462588,43410.380760084336
2025-02-06,39747.16756758361,43934.08791422476
2025-02-07,39979.22887264216,44191.32259836544
2025-02-10,40134.59498834578,44309.97173702823
2025-02-11,39679.1271785564,43839.87993461028
2025-02-12,39418.79441371073,43500.22921732108
2025-02-13,39785.56515659472,43954.838297435184
2025-02-14,39978.30293595338,44193.94801602989
2025-02-17,40258.64616086923,44547.86254942143
2025-02-18,40530.738214235134,44856.12070290671
2025-02-19,40968.13717304179,45387.41149891365
2025-02-20,40889.758460017285,45370.64097346687
2025-02-21,41013.05004935215,45482.00971028628
2025-02-24,40697.38059033883,45132.72107975839
2025-02-25,40391.4313387888,44687.65040481103
2025-02-26,39939.05007229484,44144.42586784144
2025-02-27,39678.82941054411,43806.73941026258
2025-02-28,40215.76709582729,44405.92822325961
2025-03-03,39825.05958283007,43845.86087061165
2025-03-04,39855.58472265265,43794.12086446591
2025-03-05,39494.2008493979,43346.232347874335
2025-03-06,39352.29481308058,43193.96151520867
2025-03-07,39478.02057949313,43251.16669672701
2025-03-10,39347.974210786975,43059.4113515737
2025-03-11,39750.32880252004,43472.29612116146
2025-03-12,40237.01920083221,44059.51929262017
2025-03-13,39556.793468793054,43230.31696259403
2025-03-14,39407.638517429135,43072.15051396941
2025-03-17,39432.99624336565,43088.43240570156
2025-03-18,39811.78861280014,43524.961746549314
2025-03-19,39692.42788565947,43400.9351431426
2025-03-20,39730.61178439451,43374.33289739968
2025-03-21,39348.909887065965,42886.66179981401
2025-03-24,38938.90126629571,42390.27497326475
2025-03-25,39465.001982941154,42880.92549537815
2025-03-26,38925.58835090721,42291.24486080227
2025-03-27,39663.89658586985,43067.970233034976
2025-03-28,39998.94079383924,43422.61424188372
2025-03-31,40237.24857654169,43725.56548176225
2025-04-01,40439.19766388429,43927.50853954002
2025-04-02,40467.73867909311,43804.54296353062
2025-04-03,40619.54014920774,43988.59798307763
2025-04-04,40661.78703309775,44000.61530214569
2025-04-07,40810.2975594705,44239.46506077505
2025-04-08,40836.88824274081,44257.81468862392
2025-04-09,40588.47841705519,43892.86704559952
2025-04-10,40325.74039494915,43642.36809191284
2025-04-11,40071.90585569139,43338.43203067363
2025-04-14,40407.66088766391,43716.36953803949
2025-04-15,40274.34931572277,43537.72418635485
2025-04-16,39652.56681303027,42844.67940001133
2025-04-17,39755.07154947383,43085.11450056997
2025-04-18,40304.62984942606,43652.54439983568
2025-04-21,40571.88473240847,43942.9398440807
2025-04-22,40456.930325425485,43850.62949109862
2025-04-23,39955.26897523633,43373.00983445505
2025-04-24,39949.43023540644,43356.09190339514
2025-04-25,39994.59000049064,43339.120917089145
2025-04-28,39732.33617738472,43046.9114497999
2025-04-29,39878.65841413035,43292.402627964926
2025-04-30,40481.23770322885,43922.97028713399
2025-05-01,40568.72270426494,44019.88360245252
2025-05-02,40699.09809178567,44071.10937517816
2025-05-05,40398.42651131798,43784.89428778776
2025-05-06,40832.8519544363,44295.50922470535
2025-05-07,40777.08938397109,44349.76391735275
2025-05-08,40612.63256226074,44180.24767709394
2025-05-09,40707.07794874652,44211.85548137861
2025-05-12,40884.71157367047,44376.008639732
2025-05-13,40923.76544938666,44426.30506648804
2025-05-14,41335.32498633378,44887.2464706481
2025-05-15,41511.43019386063,45029.08976195239
2025-05-16,41467.76424525658,44987.93480012301
2025-05-19,41618.77804704032,45140.30911132023
2025-05-20,41826.13011755771,45356.62694729665
2025-05-21,41439.21099590316,44989.666387280166
2025-05-22,41860.3989240704,45424.178133853646
2025-05-23,41760.01259024227,45315.63349761584
2025-05-26,41644.53145193216,45297.69331494529
2025-05-27,41839.333287613386,45639.117107805534
2025-05-28,42090.7566311756,45935.88377885154
2025-05-29,41854.853047789045,45781.77247912652
2025-05-30,42162.04793655755,46159.932471181615
2025-06-02,42065.78952082291,45998.7488444134
2025-06-03,42665.688087902265,46713.80276741157
2025-06-04,42389.73495630299,46417.47062744199
2025-06-05,42505.08572931047,46544.56075434615
2025-06-06,42294.93922809713,46316.21501859711
2025-06-09,43079.40122377908,47217.4667423767
2025-06-10,42667.90991052528,46845.967312369576
2025-06-11,42861.169544427474,47145.49979504766
2025-06-12,42584.485676138895,46888.11948821486
2025-06-13,42488.08124367363,46808.76010065759
2025-06-16,42717.09707776322,46966.48097833488
2025-06-17,43126.6981843817,47413.07120031767
2025-06-18,43782.54126677468,48098.783733066186
2025-06-19,43236.1371268541,47518.3954193051
2025-06-20,43418.75667724235,47652.62209253576
2025-06-23,43950.14844964107,48226.65373147295
2025-06-24,43352.09769135454,47664.77398553684
2025-06-25,43572.71519605214,47783.84892793637
2025-06-26,43672.42141801436,47803.61265262838
2025-06-27,43879.86465593706,48076.613109521335
2025-06-30,43641.8818239067,47802.00224701185
2025-07-01,43214.89534034071,47232.84280873529
2025-07-02,42641.96133202698,46545.59837875456
2025-07-03,42988.78209670747,46931.04831839713
2025-07-04,43347.69245415329,47371.77163519532
2025-07-07,43480.22564100806,47481.987695170734
2025-07-08,43331.58189050243,47341.07381206612
2025-07-09,42798.69706050344,46788.91930888168
2025-07-10,42995.55496256223,47093.90266716573
2025-07-11,42660.859523651096,46786.89272254618
2025-07-14,42559.489997157165,46536.281521563935
2025-07-15,42379.82185376275,46344.80310441361
2025-07-16,42376.23738727241,46374.096844756015
2025-07-17,42129.39020820771,46147.11763209787
2025-07-18,42172.85690651299,46230.603890409526
2025-07-21,42064.67978736651,46027.35725520553
2025-07-22,42268.3198175608,46367.274162186506
2025-07-23,42619.81463090663,46793.313260035255
2025-07-24,42728.72412230571,46891.63083511366
2025-07-25,42920.97307155591,47084.69067475467
2025-07-28,43562.33918993337,47974.4983534154
2025-07-29,43181.875400999066,47632.09925909148
2025-07-30,42811.81895877121,47170.62876048506
2025-07-31,43134.05723934848,47535.74415736052
2025-08-01,43835.12848142402,48391.17052393564
2025-08-04,43758.8861936482,48340.45558540054
2025-08-05,44427.7879904467,49103.93244970386
2025-08-06,44529.660535069335,49171.31492644765
2025-08-07,44375.881777964125,48937.13813498783
2025-08-08,44038.86619407542,48559.32444789598
2025-08-11,44385.68534800488,48817.273105319786
2025-08-12,44158.073897266215,48442.18399163128
2025-08-13,44248.073359104565,48533.17306636967
2025-08-14,44920.15500387181,49173.06706892295
2025-08-15,44808.53258004852,49089.38245591733
2025-08-18,45394.48827721599,49617.39565063444
2025-08-19,44876.7748265459,49174.16806778025
2025-08-20,44768.09450193068,48955.2198779572
2025-08-21,44342.38484070298,48387.32923090092
2025-08-22,44401.68903403223,48496.99116953373
2025-08-25,44666.01939472026,48859.01884574364
2025-08-26,44787.35330590097,48957.00368954435
2025-08-27,45235.037586512815,49566.49130452452
2025-08-28,45034.418321493016,49216.76250359132
2025-08-29,45195.05544514278,49324.32192953592
2025-09-01,45053.90265286688,49207.021506598045
2025-09-02,45200.04886717139,49316.44258573263
2025-09-03,45490.93077863738,49621.86274749957
2025-09-04,45739.85313349357,49945.58449034428
2025-09-05,45372.37268406809,49559.95065566498
2025-09-08,45083.70199938096,49229.32273085909
2025-09-09,44886.46084436525,48932.11711174371
2025-09-10,44829.785995331134,48897.04318526944
2025-09-11,44983.802846840925,48919.62906411975
2025-09-12,45302.52505716818,49278.02189863289
2025-09-15,44950.90913177549,49002.46149790154
2025-09-16,44455.196380835856,48436.107474030585
2025-09-17,45258.14694031755,49348.74566043764
2025-09-18,44896.906392310935,48855.05518374309
2025-09-19,45246.37987582824,49215.37739523072
2025-09-22,45266.52867006681,49395.41254485744
2025-09-23,45454.97598321069,49485.23721190507
2025-09-24,45511.07797594113,49602.189292751296
2025-09-25,45343.82775856916,49495.77639588533
2025-09-26,45558.569370109486,49665.523197781295
2025-09-29,45457.01260613579,49588.80857845594
2025-09-30,45990.60836532481,50093.903635635485
2025-10-01,46356.19567151371,50269.15775150091
2025-10-02,46636.78831542982,50490.261295466815
2025-10-03,46493.76252707452,50301.32517653188
2025-10-06,46471.26138528972,50244.105640048656
2025-10-07,46033.07054083258,49764.99495848724
2025-10-08,46033.454044352366,49689.39758743667
2025-10-09,45614.791930929714,49342.08500922534
2025-10-10,46126.12788525736,49916.29070317847
2025-10-13,46224.10783813927,50041.76026298578
2025-10-14,46289.060343674326,50155.83124535312
2025-10-15,46222.06696329813,50139.66434162008
2025-10-16,46325.989279024514,50267.99658605374
2025-10-17,47268.66499050552,51319.86858984155
2025-10-20,47278.28552189709,51363.984249391055
2025-10-21,47092.66094124534,51133.39385299326
2025-10-22,47259.45882801308,51362.46520714878
2025-10-23,46341.09009828598,50314.315115215766
2025-10-24,46378.244230968274,50466.0267050704
2025-10-27,46283.40478366555,50365.24780093834
2025-10-28,45926.4349208522,50062.96910539237
2025-10-29,46144.561730566085,50290.27695899909
2025-10-30,46133.07895771528,50355.52575601451
2025-10-31,45483.925213843824,49745.96824242731
2025-11-03,45373.47489362153,49467.74096285384
2025-11-04,44314.98782114175,48333.613226163376
2025-11-05,44422.67840945791,48504.15809908271
2025-11-06,44548.82868148142,48674.42009143208
2025-11-07,44351.470170038825,48352.22454921629
2025-11-10,44627.16391660384,48574.4836393132
2025-11-11,44305.33485090889,48189.47194620726
2025-11-12,43997.62470634298,47807.21559201417
2025-11-13,44133.2543244826,48055.61723217879
2025-11-14,43928.48764001441,47874.22391231228
2025-11-17,44042.83232131509,47856.81379484612
2025-11-18,43829.69450117831,47689.85018534041
2025-11-19,43775.22779394374,47528.86553599736
2025-11-20,43687.53861514573,47495.19105239509
2025-11-21,43408.50928129662,47276.05692407074
2025-11-24,43529.16299936186,47442.0027984774
2025-11-25,43380.56995052565,47252.94224508482
2025-11-26,43381.23242858156,47278.68363723424
2025-11-27,43229.25667184552,47056.49663014268
2025-11-28,42773.876661052935,46522.330974429846
2025-12-01,43159.20932345941,46892.98953036966
2025-12-02,43337.4009337291,47162.991763399055
2025-12-03,44218.74631346497,48043.966471354826
2025-12-04,43863.77026627994,47670.95096317582
2025-12-05,43900.97291537572,47660.273522447016
2025-12-08,43837.22226345222,47649.61650249248
2025-12-09,44212.86678555676,48022.14049244172
2025-12-10,44068.65966444838,47853.58096140013
2025-12-11,43679.5348381435,47420.74135466411
2025-12-12,44205.1685953876,47914.39226045905
2025-12-15,44135.16842110769,47831.75771239478
2025-12-16,44462.83370321121,48222.41095500827
2025-12-17,44776.87193217702,48570.44634350143
2025-12-18,44767.99012917712,48593.17581766892
2025-12-19,44779.89000869304,48559.92756671389
2025-12-22,44687.16265428275,48457.45971843069
2025-12-23,44740.60180223725,48523.00691199213
2025-12-24,45082.00172905103,48865.07288396645
2025-12-25,44780.392463095726,48642.08858444452
2025-12-26,44894.180133976784,48761.53142316336
2025-12-29,44569.24288667387,48353.319950495286
2025-12-30,44227.05243918942,47958.064717153306
2025-12-31,44207.73132176413,48048.11540606516
2026-01-01,43501.53894411173,47340.07692261812
2026-01-02,44219.20919793093,48113.70453535349
2026-01-05,43757.611751994,47626.81676735114
2026-01-06,43814.38859579811,47569.315371071054
2026-01-07,44325.37340313795,47992.49434019262
2026-01-08,44061.49147948795,47657.38392369796
2026-01-09,43244.49733419237,46711.03084367046
2026-01-12,43094.95963267834,46496.85874004098
2026-01-13,42729.50833564936,46179.985641046405
2026-01-14,41932.75635389282,45409.38671753238
2026-01-15,42078.64631971452,45601.292857250286
2026-01-16,42128.1252531256,45693.8645604925
2026-01-19,42411.13949939356,46116.23952107487
2026-01-20,42043.51632488697,45710.97635260788
2026-01-21,41512.27714340242,45126.86498790518
2026-01-22,41272.87470789202,44997.8635932927
2026-01-23,41271.91299294887,45034.81355771398
2026-01-26,41599.59278585151,45376.69425020572
2026-01-27,42123.31027526522,45801.279472228656
2026-01-28,42519.30665163219,46229.44539383999
2026-01-29,42620.410229770736,46241.5530478362
2026-01-30,42957.777614397295,46541.1106380136
2026-02-02,42759.95057100882,46317.74424735784
2026-02-03,42880.091127477455,46304.59717036951
2026-02-04,42484.82244965843,45916.99299713555
2026-02-05,42510.46190101236,45906.16776507165
2026-02-06,42523.43964205769,45930.70071196544
2026-02-09,43087.12945713442,46578.49621360108
2026-02-10,43081.80322056831,46473.1419472082
2026-02-11,43100.44336952234,46538.13603688939
2026-02-12,43183.23375962866,46575.75839770229
2026-02-13,43032.10319561148,46407.79572359145
2026-02-16,42806.43150662288,46068.25340633744
2026-02-17,43301.82220871712,46561.389624388576
2026-02-18,42922.7025781753,46137.25891626296
2026-02-19,42558.33364263126,45639.35819100441
2026-02-20,42838.309051838,45824.0536497264
2026-02-23,43356.66174266285,46307.268925052405
2026-02-24,43197.68511339509,46131.964948173125
2026-02-25,43087.36557903231,46008.46899652251
2026-02-26,43201.240207592295,46124.43030290546
2026-02-27,42989.47834134683,45787.08630268704
2026-03-02,42713.27202300642,45428.956287339926
2026-03-03,43048.20101453398,45733.58749263335
2026-03-04,43198.24425904554,45933.18731090338
2026-03-05,43666.453928238574,46424.57265420934
2026-03-06,43186.3906689928,45880.3840483428
2026-03-09,43024.62450730066,45674.98390045407
2026-03-10,43118.9067672538,45781.80581415722
2026-03-11,42826.78043789038,45484.12703576677
2026-03-12,43061.471567205735,45716.99243649438
2026-03-13,43493.02417188701,46167.65775012453
2026-03-16,43227.30714491263,46007.72121636921
2026-03-17,43288.35164076512,46123.07380973269
2026-03-18,43899.81903667741,46626.08413700478
2026-03-19,44525.776577004566,47437.26589551782
2026-03-20,44798.53522367502,47747.21857685357
2026-03-23,44952.028598743535,47995.34514791439
2026-03-24,44740.84613045693,47732.52915023239
2026-03-25,44851.07373170569,47863.26054479477
2026-03-26,45009.11395472976,48049.7594963849
2026-03-27,44856.39023562549,47973.00288047776
2026-03-30,44719.663501412695,47767.00957352374
2026-03-31,44331.31157558253,47328.59729068385
2026-04-01,43699.65040446403,46631.19235551466
2026-04-02,42995.90019304739,45819.446285457205
2026-04-03,43205.19868079332,45912.358362891326
2026-04-06,43290.44297464264,45980.35949797167
2026-04-07,43151.95471829022,45856.8156723742
2026-04-08,43054.73958710407,45816.96097955989
2026-04-09,43162.62228480014,45870.30625240594
2026-04-10,43104.17078792427,45714.34144588419
2026-04-13,42611.635985483066,45206.18492444464
2026-04-14,42954.67138920706,45518.2758021901
2026-04-15,43014.23858007799,45554.60565185532
2026-04-16,43088.68634754624,45751.61034314378
2026-04-17,43397.70154378034,46116.62085714104
2026-04-20,43084.83809252863,45747.28225468727
2026-04-21,43459.19251516631,46205.254519651215
2026-04-22,43332.531930257086,46115.369585745946
2026-04-23,43623.83185833667,46398.24317922146
2026-04-24,43796.22928300322,46699.21734560272
2026-04-27,43443.03270086711,46349.27241511401
2026-04-28,43578.26119515833,46584.15152669734
2026-04-29,43767.369127651735,46729.895450669166
2026-04-30,43760.04058655328,46757.76627130347
2026-05-01,43706.97009892351,46692.75628188853
2026-05-04,43715.541664780176,46663.06252606258
2026-05-05,44061.1834499397,46961.38521146992
2026-05-06,44258.67050016887,47165.81933554777
2026-05-07,44228.73603168535,47225.58466947545
2026-05-08,43806.36144315999,46642.23412038799
2026-05-11,43958.59079946368,46805.17105883447
2026-05-12,44191.97468267753,47168.307612660166
2026-05-13,44982.33931872163,48035.73653936565
2026-05-14,45322.545710413,48481.180694121984
2026-05-15,44639.95913542391,47684.61268603086
2026-05-18,44637.03993184948,47797.95506527198
2026-05-19,45294.262673147095,48519.05918343578
2026-05-20,45534.05252349723,48843.49565501542
2026-05-21,45615.28540618886,48965.08695145799
2026-05-22,45945.21456480246,49250.489265661454
2026-05-25,45683.54889148991,49061.96177902682
2026-05-26,45902.14163357948,49309.3459888748
2026-05-27,45792.30540387267,49195.66257975467
2026-05-28,45712.39538647996,49243.668046656734
2026-05-29,46074.63359071793,49639.98649477032
2026-06-01,45816.17270105776,49295.68998561475
2026-06-02,46368.7497223415,49813.95836763002
2026-06-03,46139.24731488874,49695.13110897194
2026-06-04,46161.45937323437,49819.429106018906
2026-06-05,45697.59487550808,49276.403000216655
2026-06-08,46074.00328650677,49479.02477535014
2026-06-09,46612.57018105532,50074.00646513024
2026-06-10,46367.33048559353,49816.16499884312
2026-06-11,45925.592836688615,49320.24158277323
2026-06-12,46031.950533298936,49412.43970349237
2026-06-15,46591.53303958102,50041.19745007408
2026-06-16,46087.54899922636,49438.85376721222
2026-06-17,45701.98103345338,49053.80687600914
2026-06-18,45565.425713066434,48973.20121409322
2026-06-19,45320.25767710089,48739.52075890023
2026-06-22,44920.08764852515,48429.16906835678
2026-06-23,44161.97593258994,47605.437135435655
2026-06-24,44343.37107911322,47862.83516824737
2026-06-25,44392.21120460988,48024.199747241255
2026-06-26,43763.50629951585,47344.22531622263
2026-06-29,44301.62534229428,47920.57001250111
2026-06-30,44952.977051935166,48541.24728827126
